title,company,location,link
Infrastructure Site Reliability Engineer (SRE),Linq,,https://www.indeed.com/pagead/clk?mo=r&ad=-6NYlbfkN0AEer0N9cbKnx1a3suALDqL8P32K2KAfckYRHHXCjkqdSwAYABBC6tO-HokpwAzq9_s02OJ2NS22tN2bdl1G7faVltum-ZF_Y4Fnx2HPl5zMNRCCzDkklCuT_JXW4Hpm2B0rQpKEnV4nxg29ArlRRJ3OO9j8uwzL_uYnLp1kJqf_MChUFm72HK904dqZd-qF2MCNZXnUHYLp8YwHk7HMHNm3U0OW0xlC1AUlsLBOhnS5WObcHZH_Oeeo4f-31gcSQnQfkrGSLu6sgFN0XwTLzJ3-YqISBz_SSE-2x38t79dDheYXPG4wSQvdPfG4qdSoQUx9j-3_0-jns2fJ_msQSNtyuIg3l5in3etG9HeK6oRZ7IgI9adwnCpD63coIWpWTkR_mTADJLh74lh6-3ccpyvMpZpucXHg453EBxOeMsagL7S4a669G4z0hkMzsCYNUQnZf0QWNv_xQaLwGRjiLgy1xjgXrJqBC26wqHTyzUi-oYpvYDY4lNQXpncWUUsH3113scHiEQD3gIZLSdO1As-465YLSA6iglI33R_ts6mOnCDFnEmA2Qeo8tuBdjheX8b31e5Sig61dHI69LZpb9mbVsncXcbD4ylVtpE6Gm4lLypHCwt5QYyrBaUOsOd6U7TgwsKH_40xVoQhOF-Ob5OF20pb7Cv_x-Jc32lmrNOVw34R6k2ZVKskTj9nJXNwzyqwgMVoCM4drjfuthTaZv7LYDQ4kbgAvM=&xkcb=SoC76_M3rLlqRogVhj0LbzkdCdPP&camk=UoKtGZLa3XJBCvzC-WnroQ==&p=0&fvj=0&vjs=3
DevOps Administrator,Tom McLeod Software Corp,,https://www.indeed.com/rc/clk?jk=772cb9138c24ae64&bb=XvBbfFnfDyapjOWXJkDxsRvuGYbmp2lUySbW92jpH0LbA6yRvuR9I0Bu0Hac18cmcOzrhI5yWUWYWJnNiqt9BuDInrHJ4UQJNlo9Nw9JJQmxQlETiiWMdcn-_rPSp3pvJPWp9PV2Dec%3D&xkcb=SoD767M3rLlqRogVhj0KbzkdCdPP&fccid=764dadb03c2a126c&vjs=3
Scrum Master,Tom McLeod Software Corp,,https://www.indeed.com/rc/clk?jk=3c6cdce753f01a76&bb=XvBbfFnfDyapjOWXJkDxsT9VbZhzotFtGnjFyiVOjyVlZwnPuHHjPD-XvOi3DDpFLkg_jcydApBmRxHRbdEp8-oirOvN8yl4diJdUBzX9X_lI1jXubXkIIS2SPzBtsxZVGAf2zpiP00%3D&xkcb=SoBm67M3rLlqRogVhj0JbzkdCdPP&fccid=764dadb03c2a126c&vjs=3
Scrum Master,Regions,,https://www.indeed.com/rc/clk?jk=b2e0e8a83129ca3e&bb=XvBbfFnfDyapjOWXJkDxsXBVhNsmTesqgZgNKZI_LYmibKf8qyQlbOIYX5hJi-aAxJSff0YXldnqEe9sntEZaBlMPTMGt85bSEqHW1mAFxnpCC4-ewSLphC_K07owoPEYd2uF8snh0Q%3D&xkcb=SoDS67M3rLlqRogVhj0IbzkdCdPP&fccid=14b6efc0812e707a&vjs=3
Scrum Master,Regions,,https://www.indeed.com/rc/clk?jk=3a869d8620fe4d35&bb=XvBbfFnfDyapjOWXJkDxscbwPk9EdMj6Q2BomYm0ugCkhCzxxdWxyzMra2OU4uladRSntvCc6SgmRWe94O9TfjTVdx6ZEoDCc2naSi3hciANbndhwZ9ugOnm1Vu1iqC57hvTt4Nf2Jo%3D&xkcb=SoBc67M3rLlqRogVhj0PbzkdCdPP&fccid=14b6efc0812e707a&vjs=3
IT Endpoint Engineer,"Brasfield & Gorrie, LLC",,https://www.indeed.com/rc/clk?jk=e39799ac31a29547&bb=XvBbfFnfDyapjOWXJkDxsfVnGnGazIa3_rInoSzcX2UknKC2UukHjSQUe9WDPCh93n2gIAZBHOsk0Jmuj5dlgIsNuQgoBEZhlS3E0-xA_Y9_RDydrE84vf7mr3bMa6N3nbWh2sD4W28%3D&xkcb=SoDo67M3rLlqRogVhj0ObzkdCdPP&fccid=6cd9d561b7c97acd&vjs=3
System Administration,Federal Working Group,,https://www.indeed.com/rc/clk?jk=09766f3eeb5314bc&bb=XvBbfFnfDyapjOWXJkDxsdLkTe1IHQ_2a6BP7MTG3f5_ryP1EUgfWffjqpIFsKhz9LEBpJCQEqpVOZrZMw0Ir6Kyj-A-YxlwakHce-QBJuaAfhZs8Kr3YwbR-mWApbIhY9jPmHRsRVM%3D&xkcb=SoB167M3rLlqRogVhj0NbzkdCdPP&fccid=26ddc4358b4708a9&vjs=3
Cloud Solutions Infrastructure Engineer,Diversified Gas & Oil Corporation,,https://www.indeed.com/rc/clk?jk=205601689b682a23&bb=XvBbfFnfDyapjOWXJkDxsfBgD6BCeRaUccZqFN75GQrWESGHtWxkPjZWeVzxRr5w5xjpQsr0iF-uzRiyyRErYuMsNWCAISNt3SjemDUAEHH3wVY31z4URM3Zd1vxTUnoTIRdzgnfIhQ%3D&xkcb=SoDB67M3rLlqRogVhj0MbzkdCdPP&fccid=082b81ec12ee24ae&vjs=3
Cloud Solutions Automation/Integration Engineer,Diversified Gas & Oil Corporation,,https://www.indeed.com/rc/clk?jk=10d6449e3c902e82&bb=XvBbfFnfDyapjOWXJkDxsVV5PJ5tXuHH-mCMMkp_f7dsfKp0oUhhiDl6Vf7KWRGioc-M030EzMlN82N6wMXFw6r9b7jfBtYMGHCyE6ktG5y0Wqw_MiZ3ZWMDdUyLZE0ZEvRDu7SH2D0%3D&xkcb=SoAo67M3rLlqRogVhj0DbzkdCdPP&fccid=082b81ec12ee24ae&vjs=3
Site Reliability Engineer III,Motion Industries (MOT),,https://www.indeed.com/rc/clk?jk=196f729d3d676d66&bb=XvBbfFnfDyapjOWXJkDxsTYy-CyVz6rjy5KjwZ73ZKWd6fGp6_bbYJ8xUlcmDZz7tXqTy3yvu8e1Yg_dgn2gPliJWbxUAK-3_lPaGgAri3BG8jJ3YM0XFp-4-LFL0-ZV9k3uGoG4ELE%3D&xkcb=SoCc67M3rLlqRogVhj0CbzkdCdPP&fccid=f18b78f7e58debd3&vjs=3
Infrastructure Automation Engineer,Southern Company,,https://www.indeed.com/rc/clk?jk=2c111e232a74819f&bb=XvBbfFnfDyapjOWXJkDxsdjAP5tbI9QGsYcIhN65LlDYSLNTlv5K20Jb0HEBfLMZr9xkVPyB84A8u6qh7j6RAZ8WJ0hscFGljfjo1w0JndpcTP_Hho0PQDEGsTQXx_gWY-x7O1PGhZo%3D&xkcb=SoAB67M3rLlqRogVhj0BbzkdCdPP&fccid=a062342ea4e0a858&vjs=3
Infrastructure Automation Engineer,Southern Company,,https://www.indeed.com/viewjob?jk=123456789abcdef0
AWS Engineer - Manager,PRICE WATERHOUSE COOPERS,,https://www.indeed.com/rc/clk?jk=8e11649d33feed6d&bb=XvBbfFnfDyapjOWXJkDxsZKJ8_P_87iHPkLhAoaEwdKr4S92Ktn3dQ9hLqXrMN8S1AQ-7vGYFEFM2-N_CVVy23z9gEpp714LlUXmsud_HHOScZD8LhWd-8ZKqw5MYYqteJpmtYxWt5U%3D&xkcb=SoC167M3rLlqRogVhj0AbzkdCdPP&fccid=5e964c4afc56b180&vjs=3
ServiceNow Deployment- Senior Associate,PRICE WATERHOUSE COOPERS,,https://www.indeed.com/rc/clk?jk=308c832db9df2f2e&bb=XvBbfFnfDyapjOWXJkDxsfGlqqcBL3s9FHAmMWxzz0Z_uo3yjtv7rm3GPXbFj1RNHqdCMhtL8L8BkvUFWuQovvt3rqTLgu6lIW5lokxJODEBjKfzS4jxpaohpu1tLEKOGDocOQRhXrQ%3D&xkcb=SoA767M3rLlqRogVhj0HbzkdCdPP&fccid=5e964c4afc56b180&vjs=3
"Manager, Cyber Penetration Testing",KPMG,,https://www.indeed.com/rc/clk?jk=ad5efbfdd70947b3&bb=XvBbfFnfDyapjOWXJkDxsZSytq_y6iyHNiQsxIMlyhszgYsWHRvUJxbmb9wlX31Z3PkWEGPLVuU9fr_BRfL5LdySZT8Oh2SkQYc9ypey7hfvzJnvV1Ib-jaTW9FO6NqenS2r5mdrrW4%3D&xkcb=SoCP67M3rLlqRogVhj0GbzkdCdPP&fccid=2dd390c3a48a7ed0&vjs=3
Cloud Deployment Architect- Manager,PRICE WATERHOUSE COOPERS,,https://www.indeed.com/rc/clk?jk=1e116545d79dda17&bb=XvBbfFnfDyapjOWXJkDxse7evAEVBfB-hq5pTcguH2vLbQcEXpMFfbosSpBQBwgxsdxfl0UlbgTkc_2Z8XODwwUpyXJbICIZPehdtpMA8WSm0fnFO5HfmWX3UVii750b2-YfbCIHdjY%3D&xkcb=SoAS67M3rLlqRogVhj0FbzkdCdPP&fccid=5e964c4afc56b180&vjs=3
